emerge,saleintended2,ebitbeforedummy,equitybefore,manufacturing,prime1yearbeffile,lnhqtohqctcity,prepack3,diploanres,commcred24,lnassetscurrdollar,lnjudgeexp,deny,judgeexpdummy
0,0,1,.64604539,0,6,2.8903718,0,1,1,6.3885612,0,0,0
0,1,0,-.37079424,1,6,1.6094379,0,1,1,6.0038872,1.6094379,1,0
1,0,0,-.19663997,1,6,2.5649493,2,0,0,7.5234814,0,1,0
1,0,0,-.6097675,1,6,2.3025851,1,,,5.7037826,0,0,0
1,0,1,-.19754601,0,6,4.0604429,2,0,0,6.8373327,.69314718,1,0
0,0,0,.16942863,0,6,2.9444389,0,0,1,5.7589016,0,0,0
1,0,1,.0005718774,0,6,0,0,1,0,5.9375362,1.0986123,0,0
1,0,0,.38183668,0,6,2.7725887,0,1,0,6.4393506,.69314718,0,0
1,0,0,.1601066,0,6,0,2,0,0,6.0473723,1.0986123,1,0
1,0,1,-.1446448,0,6,0,2,1,0,6.4313312,2.8332133,1,1
0,0,1,.22430116,0,6,2.5649493,0,1,1,6.2595816,0,0,0
1,0,1,-.35148799,0,6,2.8903718,1,1,1,7.7012,1.3862944,1,0
1,0,1,-.16884504,0,6.75,0,2,0,0,6.7487597,0,0,0
1,0,1,.19400465,1,6.75,2.9444389,0,0,1,8.7656145,0,0,0
1,1,0,.19252527,0,6.75,2.4849067,1,1,1,6.8167357,2.8903718,1,1
1,0,0,-1.4546952,0,7.25,2.4849067,0,1,1,5.9375362,1.9459101,1,1
1,0,1,.18512657,0,7.25,2.5649493,0,1,1,7.2320104,2.8903718,1,1
1,0,0,-.16744152,0,7.25,0,2,0,0,8.2687321,0,0,0
1,0,,.12058794,1,7.25,0,0,1,1,5.7037826,1.9459101,1,1
1,0,1,-.56803238,0,7.25,2.9957323,0,1,1,5.7300997,3.1780539,1,1
0,0,1,.29360592,0,7.75,2.5649493,0,1,,7.488853,2.3978953,1,1
1,0,1,.1670301,1,7.75,0,0,1,1,5.8777356,1.0986123,1,0
1,0,1,-.03215766,1,7.75,0,0,0,1,5.7004437,,1,1
1,0,1,.43275899,0,7.75,0,0,1,1,7.2348986,2.1972246,1,1
0,1,0,-.41133654,0,7.75,0,0,0,0,5.4930615,1.0986123,0,0
0,1,0,.16025642,0,8.5,3.6635616,0,0,1,6.5889263,0,1,0
1,0,1,-.38873571,1,8.5,0,1,0,1,6.4769726,2.9957323,1,1
0,0,,.05535274,0,8.5,3.583519,1,1,1,6.0137153,3.5263605,1,1
0,0,1,.098181821,0,8.5,0,0,1,1,6.7440591,3.2958369,1,1
0,1,0,-.013854293,0,9,0,0,0,1,6.4150968,.69314718,0,0
1,0,0,-.30833229,0,9,0,1,1,0,6.8617115,1.7917595,1,1
1,0,1,.023094984,1,9,0,2,1,0,5.8888779,3.0445225,1,1
0,0,0,.2448397,0,8.75,0,0,1,1,6.1506028,0,1,0
0,1,0,-.12458013,0,8.75,2.0794415,0,0,1,6.0038872,3.1354942,1,1
0,0,1,.25354069,0,8.75,2.9444389,0,1,1,7.7790484,3.2188759,1,1
1,1,1,.23966856,1,8.75,0,1,1,1,7.509335,2.3978953,1,1
0,1,0,.3245883,0,8.75,0,0,1,1,6.9865665,.69314718,0,0
1,0,1,-.44774684,1,8.75,4.4426513,2,0,0,5.749393,3.0910425,1,1
1,0,,-.58945155,0,8.75,0,0,1,1,5.7960577,3.3322046,1,1
0,0,1,.22934873,1,8.5,0,1,1,0,7.5082388,0,1,0
0,1,1,.21282667,0,8.5,2.7080503,1,0,1,6.6489844,2.3025851,1,1
0,0,0,.51283067,0,8.25,2.6390574,0,1,1,7.4330754,2.5649493,1,1
1,0,0,-.050671827,1,8.25,3.7376697,0,1,1,6.8243737,.69314718,1,0
1,0,1,-.7274487,0,8.25,0,1,1,0,7.8264432,0,0,0
1,0,0,.1246157,0,8.25,0,0,1,1,8.8880672,2.8903718,1,1
1,0,0,.027732464,0,8.25,0,0,1,1,6.8134446,2.8332133,1,1
1,0,0,.0044085677,0,8.25,2.3978953,2,0,0,6.0014148,3.2580965,1,1
1,0,1,.22434458,0,8.25,0,1,1,1,7.5600805,0,0,0
1,0,1,-.22655554,1,8.25,4.6347289,2,0,0,6.2105999,2.1972246,1,1
0,1,1,.33634996,0,8.25,2.4849067,0,0,0,5.9738097,0,0,0
0,1,0,.18157512,1,8.25,2.4849067,0,1,1,6.075346,0,0,0
1,0,1,-.1001712,0,8.25,3.2958369,0,1,1,7.231287,2.4849067,1,1
1,0,1,-.30910647,0,8.25,3.0445225,2,0,0,5.8861041,0,1,0
1,0,1,.12236287,1,8.25,2.5649493,1,0,0,5.857933,1.7917595,1,1
0,1,0,.23286135,0,8.25,2.4849067,0,1,1,5.9989367,0,0,0
1,0,1,.013560239,1,8.25,3.0445225,0,1,1,6.3189683,0,0,0
1,1,1,-.72361809,0,8.25,0,2,1,0,5.6835799,0,1,0
1,0,0,-.7699554,0,8.25,0,0,0,1,5.6937323,0,0,0
0,1,0,.26421407,0,8.25,3.4657359,0,1,1,6.921658,.69314718,1,0
1,0,1,-.7784912,0,8.25,0,0,1,1,6.8211074,1.3862944,1,0
1,0,0,.039014373,0,8.25,0,0,1,1,6.5750756,3.0445225,1,1
0,0,0,-.12756807,0,8.5,3.5553482,0,0,1,5.7235851,.69314718,0,0
1,0,0,-.39542702,0,8.5,2.8903718,2,1,0,7.1739583,1.0986123,0,0
0,1,0,-.1168506,1,8.5,3.3322046,0,1,1,6.1841488,2.9957323,1,1
0,0,1,.21920116,0,8.5,0,0,1,1,7.101676,2.7725887,1,1
1,0,0,-.078236133,0,8.5,0,2,1,0,6.2402759,1.0986123,1,0
1,0,1,.1375839,0,8.5,0,0,1,1,6.075346,.69314718,0,0
0,0,0,.33902875,0,8.5,2.5649493,0,1,1,5.7807436,1.6094379,1,0
0,0,0,.22436671,1,8.5,2.9957323,0,1,1,7.0967212,1.6094379,1,0
1,0,1,.11214953,1,8.5,0,0,0,1,6.1484685,1.0986123,0,0
1,0,1,.52677572,0,8.5,2.7725887,0,1,1,7.977282,0,0,0
1,0,0,-.039017946,1,8.5,2.9957323,0,1,1,5.8051348,0,0,0
0,0,1,-.036053132,0,8.5,0,0,0,1,5.9480348,1.3862944,0,0
0,0,0,.20741327,0,8.5,0,0,0,1,5.9107966,.69314718,1,0
1,0,1,.067239225,1,8.5,0,0,0,1,6.1224928,.69314718,0,0
1,0,0,.19025156,0,8.5,0,0,0,0,5.9135032,1.7917595,0,1
1,0,0,.12389144,0,8.5,3.8286414,1,0,0,6.2934194,1.3862944,1,0
0,0,0,.10492505,0,8.5,0,0,1,1,6.5206213,.69314718,0,0
1,0,1,.18166237,1,8.5,0,1,1,0,5.8260002,2.3025851,1,1
1,0,0,.11156082,0,8.5,3.2580965,1,0,0,5.866468,2.7080503,1,1
1,0,1,.16067146,0,8.5,0,0,0,1,6.4052286,0,0,0
0,1,1,.28710717,0,8.5,2.5649493,0,1,1,6.2595816,2.7725887,1,1
1,0,1,.18197513,1,8.5,3.713572,0,1,1,6.7765069,0,0,0
1,0,0,-.60216206,0,8.5,0,1,1,0,5.7960577,3.1354942,1,1
1,0,0,-.74151111,1,8.5,0,1,1,0,5.9107966,1.3862944,1,0
1,0,1,-.38266742,0,8.5,0,1,1,1,7.4809923,2.8332133,1,1
0,1,1,.13986805,1,8.5,2.7080503,0,1,1,5.9427996,1.0986123,0,0
0,1,0,.27471787,0,8.5,0,0,1,1,6.4614682,1.9459101,1,1
1,0,0,-.14817497,0,8.5,0,0,0,0,6.8875527,1.0986123,0,0
0,0,0,.13885039,0,8.5,0,0,1,1,7.7621708,0,0,0
0,1,0,-.1463297,0,8.5,3.7376697,1,1,1,5.9661469,2.9444389,1,1
1,0,1,.20976903,0,8.5,,0,1,1,8.8103104,3.6375861,1,1
1,1,0,-.44583333,1,8.5,3.0445225,0,1,1,5.8406415,3.6375861,1,1
1,0,0,.25497738,1,8.5,1.6094379,0,1,1,8.2932997,3.5553482,1,1
0,0,0,.15105188,0,8.5,2.4849067,0,1,1,7.7240047,3.6109178,1,1
1,0,0,-.34270999,0,8.5,,1,1,1,7.4061036,1.3862944,1,0
0,0,1,.046197921,1,8.5,3.4011974,0,0,1,6.0637851,0,0,0
1,0,0,.0079716323,1,8.5,3.0910425,2,1,0,7.2813859,3.0910425,1,1
1,0,0,.12754972,0,8.5,0,0,1,0,8.5816689,1.0986123,1,0
1,0,0,-.17494604,0,8.5,0,0,0,1,6.212606,1.6094379,0,0
1,,0,-1.04,1,8.5,2.9444389,2,1,0,6.212606,1.0986123,1,0
0,0,0,-.2182751,0,8.5,0,0,0,1,5.7004437,.69314718,0,0
1,0,1,.33713612,0,8.5,0,0,1,1,7.3613753,3.1780539,1,1
1,0,1,.18335751,0,8.5,0,0,1,1,7.7993436,2.6390574,1,1
1,0,1,.074558765,0,8.5,3.2580965,2,1,0,5.7170277,1.0986123,1,0
1,0,1,.14424242,1,8.5,3.583519,0,1,1,7.7587605,2.3025851,1,1
1,0,1,.32870296,0,8.5,0,0,1,1,5.9610052,1.7917595,1,1
1,0,0,.22494483,0,8.25,0,1,0,1,6.5072775,1.6094379,1,0
1,0,1,.15651141,0,8.25,0,0,1,1,8.1596603,3.0445225,1,1
1,0,0,.08054433,1,8,0,0,1,1,7.052721,1.7917595,1,1
1,0,0,.2563515,0,8,0,0,1,1,6.7900972,2.3978953,1,1
0,0,1,.47200158,0,8,0,1,1,1,6.8834624,1.0986123,1,0
0,0,1,.025167527,0,8,0,0,0,1,6.9641356,0,0,0
0,0,0,.32711568,1,7.75,4.4188404,0,1,1,6.4504704,0,0,0
1,0,1,.11111111,1,7.75,0,1,0,0,6.5708828,2.3025851,1,1
1,0,0,.51266032,0,7.75,1.9459101,0,1,1,6.4085288,1.3862944,1,0
1,0,1,.2396716,1,7.75,0,0,1,1,8.0842543,3.7376697,1,1
1,0,1,-.52667999,0,7.75,0,1,0,0,5.9964519,3.4965076,1,1
1,0,0,-.28927681,1,7.75,0,0,1,1,6.338594,2.5649493,1,1
1,0,0,.28666666,1,7.75,2.0794415,0,1,0,6.0497336,1.6094379,0,0
1,0,0,-.12869208,1,7.75,0,0,1,1,6.50279,1.6094379,1,0
1,0,0,-1.0799071,0,7.75,0,0,1,0,7.495542,3.0910425,1,1
0,1,0,.61125773,0,7.75,2.6390574,0,1,1,6.1800165,0,0,0
0,0,1,.0005299417,0,7.75,2.5649493,0,1,1,7.8875842,3.4339871,1,1
0,0,1,-.2772707,0,7.75,3.0445225,0,1,1,8.4644251,3.4965076,1,1
0,1,0,-.4011628,0,7.75,3.1780539,0,1,1,6.1800165,3.2958369,1,1
1,0,1,-1.0247189,0,7.75,3.2188759,2,1,0,6.4614682,1.6094379,1,0
1,0,1,.086077608,0,7.75,4.4998097,1,1,0,5.9026332,1.3862944,1,0
0,0,1,.14670062,0,7.75,2.3978953,0,0,1,6.1984787,3.4657359,1,1
1,1,1,.10869565,1,7.75,3.2188759,0,1,1,5.768321,1.0986123,1,0
0,0,0,-.429351,1,7.75,0,0,1,1,6.652863,1.3862944,0,0
0,0,1,.10971787,0,7.75,3.2958369,0,0,1,6.0958247,1.3862944,0,0
1,0,1,-.023195876,1,7.75,3.3672957,0,1,1,6.2915692,0,0,0
0,1,1,.23750447,0,7.75,0,1,0,1,8.5111752,0,0,0
1,0,1,.12359966,0,7.75,3.4657359,0,1,1,5.7235851,0,0,0
1,0,0,.28654525,0,7.75,2.7725887,1,0,0,5.7235851,2.0794415,1,1
1,1,1,.098484851,1,7.75,3.1780539,0,1,1,6.3117347,0,1,0
0,0,1,.16861907,0,7.75,2.4849067,0,1,1,6.9985094,.69314718,0,0
1,0,1,.10663317,1,7.75,0,0,1,1,6.3171649,1.0986123,1,0
0,1,1,.37241313,0,7.75,2.3025851,0,1,0,5.7235851,0,0,0
0,0,0,.31905001,0,7.75,2.7725887,0,1,0,6.2205901,1.0986123,0,0
1,0,1,.20280877,0,7.75,3.2580965,0,0,1,7.2196422,1.0986123,0,0
1,0,0,-.025266677,0,7.75,0,0,1,0,6.2952662,.69314718,1,0
1,1,0,-.28043479,0,7.75,0,0,1,1,5.768321,3.9702919,1,1
0,0,0,.31011462,0,7.75,2.6390574,0,1,1,6.526495,1.0986123,1,0
0,1,1,-.34974748,1,7.75,2.6390574,0,1,1,6.1696105,.69314718,1,0
0,1,0,-.1920307,0,7.75,4.89784,0,1,1,7.3434262,1.0986123,1,0
1,0,1,-.57382429,1,7.75,2.4849067,0,1,1,5.7525725,2.1972246,1,1
1,0,1,.21769449,0,7.75,0,0,1,1,7.2936978,.69314718,0,0
1,0,0,-.13577564,0,7.75,0,0,1,1,6.6424866,0,0,0
1,1,0,.34747392,0,7.75,0,0,1,1,7.1623974,4.0430512,1,1
1,0,1,-.010452962,0,7.75,0,1,1,1,6.6770835,2.0794415,1,1
1,0,0,-.26595756,0,7.75,2.6390574,1,0,1,5.8607864,.69314718,1,0
0,0,1,.29363629,0,7.75,0,0,1,1,8.7056627,3.9512436,1,1
0,0,0,.26433885,0,7.75,3.2580965,0,1,1,6.1612072,0,0,0
0,0,1,.41769317,0,7.75,0,0,1,1,5.8289456,0,0,0
1,0,1,.2419485,0,7.75,3.5553482,0,1,1,8.1193981,1.0986123,1,0
1,0,1,-1.3812351,0,8,3.7612002,2,1,0,7.0570369,1.7917595,1,1
1,0,1,.24237722,0,8,4.3438053,1,1,1,6.3473892,3.4011974,1,1
0,0,0,-.55494314,0,8,0,1,1,0,7.5817199,0,1,0
0,0,0,.19383429,0,8,0,0,1,1,5.7899604,2.8332133,1,1
1,0,0,-.049717098,0,8,0,1,1,1,6.3207684,3.7612002,1,1
1,0,1,-.27221182,1,8,0,2,1,0,5.7004437,1.6094379,1,0
1,0,1,.25325078,0,8,0,0,0,1,7.0157123,2.5649493,1,1
1,0,1,.1573424,0,8,1.7917595,0,0,1,5.6801724,.69314718,0,0
1,0,1,.36650652,0,8,0,0,1,1,7.6058898,1.3862944,0,0
1,0,1,-.010699145,1,8.25,0,2,1,0,6.8596148,3.3672957,1,1
1,0,1,-.72674525,0,8.25,2.0794415,1,1,1,6.5971456,1.9459101,1,1
1,0,1,.036630038,1,8.25,0,0,1,1,5.9269261,2.8332133,1,1
1,0,0,.23296361,0,8.25,3.3322046,0,1,1,6.2822666,2.3025851,1,1
1,0,1,.011572866,0,8.25,0,1,0,1,6.3969297,0,0,0
0,0,1,.27838504,1,8.25,0,1,1,1,6.0935698,3.2958369,1,1
1,0,1,.12549621,0,8.25,0,0,1,1,6.0306854,1.6094379,0,0
0,0,0,.16605288,1,8.25,0,0,1,1,5.8636312,.69314718,0,0
0,1,0,-.0032770047,0,8.25,2.8903718,0,1,1,6.9911771,1.6094379,0,0
1,0,1,-.099014476,1,8.25,0,0,1,1,9.0932446,1.6094379,1,0
0,0,1,.11750768,1,8.25,0,0,1,1,6.1377273,1.0986123,0,0
0,0,0,.4697969,0,8.25,2.0794415,0,1,1,6.2441669,1.7917595,1,1
1,0,1,.12879503,0,8.25,2.6390574,0,0,1,6.4002576,1.3862944,1,0
1,0,0,-.16054639,0,8.25,2.0794415,0,1,1,7.9251575,3.7612002,1,1
1,0,1,.16715628,1,8.25,0,0,1,1,7.742836,2.7080503,1,1
1,1,1,-.0047168997,1,8.5,0,0,1,1,7.4622149,1.0986123,0,0
0,0,1,-.097761557,0,8.5,3.713572,0,1,1,6.059123,0,1,0
0,1,1,.81405085,0,8.5,2.6390574,0,1,0,6.856462,1.3862944,1,0
1,0,1,.16592628,1,8.5,3.4657359,0,1,1,8.6489229,0,1,0
0,0,0,-.13913622,1,8.5,3.9889841,0,1,1,5.8749309,0,0,0
0,1,1,.094766647,1,8.5,3.7376697,0,1,1,7.057898,0,0,0
1,0,0,.24405836,1,8.5,0,0,1,1,9.0308552,1.3862944,0,0
1,0,0,-1.3931979,0,8.5,0,0,1,0,5.7071104,1.3862944,0,0
0,0,0,.4609375,0,8.5,2.8332133,0,0,1,6.2595816,1.3862944,0,0
0,1,0,-.080061786,0,8.5,0,0,1,1,7.9755645,3.8066626,1,1
1,0,0,.25869817,1,8.5,3.2580965,0,1,1,6.2005091,1.7917595,0,1
0,0,0,.18431373,0,8.5,2.5649493,0,1,1,5.8493247,3.1780539,1,1
0,1,0,.64300627,0,8.5,0,0,1,1,6.4800444,.69314718,0,0
1,0,0,.29094237,1,8.5,3.1354942,1,1,1,7.3051882,2.0794415,1,1
1,0,0,-.7137596,0,8.5,1.3862944,1,1,0,6.2005091,2.7080503,1,1
1,1,1,-.10276504,1,8.5,1.7917595,0,0,1,6.6745615,2.8903718,1,1
0,0,0,.075342469,1,8.75,0,0,0,1,5.9814143,1.3862944,0,0
1,0,1,.0023055386,1,8.75,3.2958369,1,1,1,8.3537331,1.3862944,1,0
1,1,1,.32421097,0,8.75,0,0,1,1,7.8578677,0,1,0
0,1,1,.163643,0,8.75,0,0,1,1,7.7668405,3.6635616,1,1
1,0,1,.1656051,1,8.75,3.9702919,1,1,1,6.0520892,2.6390574,1,1
0,0,0,.34405941,0,8.75,0,0,0,0,6.9966817,3.2580965,1,1
0,1,0,-.0061009428,0,8.75,,0,0,1,7.7993436,1.6094379,1,0
0,0,0,.020594966,0,8.75,.69314718,1,1,1,6.3818159,3.2188759,1,1
0,0,0,-.27601853,0,9,3.2188759,0,1,1,7.0884089,0,1,0
1,0,0,.10188679,0,9,2.8332133,1,1,1,5.8805332,0,0,0
0,1,0,-.58425051,0,9,3.1354942,0,0,1,5.9964519,0,1,0
1,0,1,-.027583292,1,9,2.9444389,0,1,1,8.1556492,1.9459101,1,1
1,0,1,-.33574587,1,9,0,0,1,1,7.3858509,0,0,0
0,1,1,.41273099,0,9,0,0,0,1,6.4861608,2.9444389,1,1
0,1,0,.048174415,1,9,3.1354942,0,1,1,6.2614918,3.871201,1,1
0,0,1,.43554813,0,9,0,0,0,0,6.3368258,.69314718,0,0
1,0,0,.084000364,0,9,0,0,0,1,10.296374,0,0,0
0,1,1,.90172112,0,9,0,0,0,0,6.5206213,1.9459101,1,1
1,0,0,.0055464925,0,9,0,0,1,1,8.3260326,1.0986123,1,0
0,0,0,.25548711,1,9,2.5649493,0,0,1,7.0103121,0,0,0
1,0,0,.56688839,0,9,2.3025851,0,0,1,6.4199948,2.0794415,1,1
0,1,1,.55030674,1,9,0,0,0,1,7.6943927,1.0986123,0,0
0,0,0,.45802337,0,9,3.0910425,0,1,1,6.2285109,2.3978953,1,1
1,1,0,-.25429586,0,9,0,0,0,0,7.969358,1.0986123,1,0
1,0,0,-.016388962,1,9,4.1896548,1,1,1,6.8814111,0,0,0
0,0,1,.45333335,0,9,0,0,1,1,5.7104268,.69314718,0,0
1,0,0,-.14495482,0,9,0,1,1,1,8.1780777,.69314718,0,0
0,0,1,-.052631553,0,9.5,2.9957323,0,1,1,5.7960577,1.6094379,1,0
1,0,0,-.3634004,0,9.5,2.8903718,0,0,1,7.3914151,0,1,0
1,0,0,-.4600125,0,9.5,0,0,1,1,6.3835068,2.0794415,0,1
0,1,0,-.75934184,0,9.5,3.5263605,0,0,1,8.1481562,0,1,0
0,0,1,.19580936,0,9.5,2.9957323,0,1,1,6.8101425,.69314718,0,0
1,0,1,.077047095,1,9.5,0,0,1,1,8.0510225,1.0986123,1,0
1,0,1,.1443684,1,9.5,0,0,1,1,8.3673,1.3862944,1,0
1,0,0,-.22330959,1,9.5,3.1780539,1,1,1,5.7071104,.69314718,0,0
0,1,0,.7016592,1,9.5,0,0,0,1,7.4283333,.69314718,0,0
1,0,0,.26293764,0,9.5,0,0,1,1,7.7484598,0,0,0
1,0,1,-.74199522,0,9.5,0,0,1,1,6.8480053,1.6094379,0,0
0,0,1,.13867946,0,9.5,2.8332133,0,1,1,9.3720341,0,0,0
1,0,0,.66774607,0,9.5,2.6390574,0,1,1,6.6489844,1.0986123,1,0
1,0,0,-.21525423,1,9.5,0,1,1,1,6.6745615,1.9459101,0,1
0,1,0,.079719707,0,9.5,2.0794415,0,1,1,7.2570028,2.9957323,1,1
0,1,0,.29185778,0,9.5,2.6390574,0,1,1,6.1484685,1.3862944,0,0
1,0,0,-.12074099,0,9.5,1.3862944,1,1,0,7.6157908,2.1972246,1,1
0,0,0,.19877735,0,9.5,2.1972246,0,1,1,7.8935719,2.5649493,1,1
1,1,0,-.070826344,1,9.5,3.0445225,0,0,1,6.1696105,2.9957323,1,1
1,0,0,.24211021,1,9.5,0,1,0,1,6.7452364,0,0,0
0,0,1,.22443755,1,9.5,0,0,1,1,6.5944133,0,1,0
1,0,1,-.16481167,1,9.5,3.0910425,1,1,1,6.7765069,0,0,0
0,1,0,.28400001,1,9.5,0,0,1,1,5.811141,0,0,0
0,0,0,.058710895,0,9.5,0,0,1,1,6.0378709,.69314718,0,0
0,0,0,.11924813,0,9.5,1.3862944,0,1,1,8.5575666,2.7725887,1,1
0,1,0,.45412254,0,9.5,3.2580965,0,0,1,7.9430728,1.0986123,0,0
1,0,1,.21284254,1,9.5,2.7080503,0,1,1,9.5291576,1.7917595,1,1
1,0,1,.18997923,0,9.5,0,1,1,1,6.1114674,2.4849067,1,1
1,0,1,.20622568,0,9.5,2.4849067,0,0,0,6.2480431,0,0,0
1,1,1,.18355359,1,9.5,1.0986123,0,1,1,7.9157133,4.0073333,1,1
0,0,0,.20486556,1,9.5,3.9318256,0,1,1,8.9001398,3.2580965,1,1
1,1,0,.13098504,1,9.5,3.0445225,0,1,1,6.4551988,1.0986123,0,0
0,0,0,.3635397,0,9.5,0,0,0,1,6.9167151,0,1,0
1,0,1,.13653329,0,9.5,0,0,1,1,9.0805731,3.713572,1,1
1,0,0,.16117761,0,9.5,0,0,1,0,6.906755,3.8501475,1,1
0,1,0,-.23685509,0,9.5,2.1972246,1,0,0,8.2430191,1.6094379,1,0
1,0,1,.33924696,0,9.5,0,0,1,0,7.30586,1.3862944,0,0
0,0,1,.021097047,1,9.5,0,0,1,1,7.3727465,1.9459101,1,1
0,0,1,.12722236,1,9.5,2.1972246,0,1,1,6.3664703,3.4339871,1,1
1,0,1,-1.8499528,1,9.5,0,0,1,1,6.0567842,1.0986123,0,0
0,0,0,.084710173,0,9.5,2.9957323,0,0,1,6.2383246,4.1588831,1,1
1,0,1,.38871834,0,9.5,0,1,0,0,7.6073813,.69314718,0,0
1,0,1,.50119615,0,9.5,3.1780539,1,1,1,7.0282016,3.1354942,1,1
1,0,1,.059051614,1,9.5,3.4011974,0,1,1,8.2406492,3.4657359,1,1
1,0,0,-.027450597,0,9.5,2.3978953,0,1,1,8.0401249,0,0,0
1,0,0,-.27165353,0,9.5,3.0445225,0,1,0,5.8377304,.69314718,0,0
1,0,1,.25639534,0,9.5,0,0,1,1,7.7493224,3.8918202,1,1
1,0,1,.016908212,0,9.5,3.2188759,1,1,0,6.3243589,.69314718,1,0
1,0,1,.27964258,0,9.5,0,0,1,1,7.3588309,3.1780539,1,1
0,0,1,.20584382,1,9.5,3.5263605,0,1,1,7.2723985,0,0,0
1,0,0,-.22277616,0,9.5,0,0,1,1,6.2422233,1.3862944,0,0
1,,0,.27923629,0,9,3.2580965,1,0,1,6.3350544,.69314718,0,0
0,1,1,.26674145,0,9,4.3438053,0,1,1,5.8861041,0,0,0
0,1,0,.15162455,1,9,3.7376697,0,1,1,5.9215784,0,0,0
0,1,1,.19803476,0,9,2.6390574,0,0,1,7.4849305,3.6888795,1,1
1,0,0,-.04702276,1,9,3.1780539,1,1,1,6.9177055,,0,1
1,0,1,.47641832,0,9,3.1780539,0,1,1,9.8878155,.69314718,0,0
1,0,0,-2.1438065,0,9,,0,0,1,8.6431208,1.0986123,1,0
1,0,0,.038506046,0,9,0,1,0,1,8.7638969,.69314718,1,0
0,1,0,.66039753,0,8.5,2.8903718,0,1,1,6.2971091,3.9318256,1,1
0,0,0,.068419062,1,8.5,2.3025851,1,1,1,5.8493247,1.7917595,1,1
0,0,1,.18224385,0,8.5,0,0,0,1,6.2265368,1.9459101,0,1
1,0,0,-.11757849,1,8.5,0,0,1,1,8.210124,1.0986123,1,0
1,1,1,.46153846,0,8.5,0,0,0,1,5.9026332,0,0,0
0,1,0,-.30072463,0,8.5,2.7725887,1,0,1,5.9135032,3.7841897,1,1
1,0,1,-6.568388,0,8.5,0,1,1,1,6.4167323,4.1271343,1,1
1,0,1,-.017392425,1,8.5,0,0,1,1,6.9324479,1.9459101,1,1
1,1,1,.24607331,1,8.5,2.9444389,0,1,1,6.6437898,3.5553482,1,1
1,0,0,-.28167281,1,8.5,2.8903718,2,1,0,6.300786,3.713572,1,1
0,0,0,.16260783,0,8.5,0,0,0,1,5.8289456,1.0986123,0,0
1,0,0,-.26943943,0,8.5,0,2,0,0,6.6025877,3.6888795,1,1
1,0,1,.10352673,1,8.5,3.6109178,0,1,1,7.0664668,3.2958369,1,1
0,1,0,-.13431543,1,8.5,1.7917595,0,1,1,8.0317106,.69314718,0,0
0,1,1,.29039812,0,8.5,2.9444389,0,1,1,6.3438807,1.0986123,0,0
1,0,0,.25603336,1,8.5,0,1,1,1,6.5998707,3.0445225,1,1
0,0,1,-.00084445981,0,8,3.3322046,0,0,0,6.5176711,3.3322046,1,1
1,0,1,.030510958,1,8,1.0986123,0,1,1,6.8394766,0,0,0
1,0,0,.14832331,0,8,4.4659081,0,1,1,7.8316174,1.7917595,1,1
1,0,1,.014562642,0,8,2.9444389,0,1,1,8.3483009,2.5649493,1,1
1,0,0,.29522732,0,8,3.4965076,2,1,0,6.1675167,0,0,0
1,0,0,.15580179,0,8,2.0794415,1,0,0,6.7007313,3.8286414,1,1
1,0,0,.1235942,0,8,,0,1,1,8.4357662,1.0986123,1,0
1,0,1,-.078331128,1,8,0,1,1,0,6.5666723,1.0986123,0,0
1,0,1,-.28064823,1,8,2.4849067,0,1,1,7.8399196,.69314718,1,0
1,0,0,-.19392523,0,7.5,0,1,0,1,8.9800463,3.0910425,1,1
1,0,0,-.24404849,0,7.5,0,1,1,0,9.7565527,.69314718,1,0
1,0,1,-.039604001,1,7.5,1.7917595,1,1,1,7.3981743,0,0,0
1,0,0,.31886941,0,7,2.8903718,2,1,0,7.45472,2.1972246,1,1
1,0,0,.35908508,0,7,0,0,0,1,9.0225639,.69314718,0,0
0,1,1,.25215346,0,7,3.4339871,1,1,0,5.8260002,1.3862944,0,0
0,1,0,-.63003862,0,7,2.1972246,0,0,1,6.4785094,0,0,0
0,0,1,.29270786,0,7,0,0,1,1,8.1964369,1.6094379,0,0
1,0,1,-.26833376,1,7,4.8362818,1,1,1,7.0057888,.69314718,0,0
0,1,1,-.01003861,1,7,0,1,1,1,6.7546039,1.3862944,1,0
1,,1,.16761634,0,7,1.7917595,1,1,1,5.855072,2.3978953,1,1
0,1,0,.62487978,0,7,1.0986123,0,0,1,6.0234475,.69314718,0,0
1,0,0,-.76901752,0,7,,1,0,1,6.8585649,.69314718,1,0
1,1,0,.2622155,0,7,3.1354942,1,0,1,9.2597971,1.0986123,1,0
0,0,1,.24242932,0,7,4.4659081,0,1,1,10.257098,1.9459101,1,1
1,0,0,.040841367,0,7,3.6635616,1,0,0,7.0596175,3.3672957,1,1
1,0,1,.57763147,0,6.75,2.3025851,0,1,1,11.831517,1.6094379,1,0
0,0,1,.013759929,0,6.75,4.0253515,0,1,1,8.6852465,1.6094379,1,0
1,0,1,-.085724533,1,6.75,3.2958369,2,1,0,7.6948481,.69314718,0,0
1,0,0,-.32585669,0,6.75,2.1972246,0,1,1,9.2671928,.69314718,0,0
1,0,1,.13872832,0,6.75,2.8332133,0,1,1,6.1224928,2.5649493,1,1
0,1,0,.16836132,0,6.5,4.89784,0,1,1,7.0561752,0,0,0
1,0,1,.16828963,1,6.5,2.9957323,0,1,1,7.0466471,3.5263605,1,1
1,0,0,-.67506397,0,6,0,0,1,1,6.5539336,0,1,0
0,0,1,.040740579,1,6,3.8286414,0,1,1,7.635304,0,0,0
1,0,0,-.31376517,1,6,0,2,1,0,7.1693501,1.3862944,1,0
1,0,0,-.049741577,0,5.5,2.4849067,0,0,1,6.1800165,4.0253515,1,1
1,0,1,.042958654,0,5.5,0,1,1,1,7.2772479,1.6094379,0,0
1,0,1,-.122081,1,5.5,3.6109178,0,1,1,7.3336763,3.583519,1,1
0,0,0,.054445058,1,5,0,1,1,1,6.9077554,4.1108737,1,1
1,0,0,.22476265,0,5,2.1972246,1,0,1,8.3449802,1.0986123,0,0
1,0,1,.047192466,0,5,0,2,1,0,6.880384,1.0986123,0,0
0,1,0,.53028637,0,5,,0,0,1,8.4711494,.69314718,1,0
1,0,1,.40216008,0,5,0,0,1,1,8.0573778,1.7917595,0,1
1,1,0,-.014317813,1,5,0,0,1,1,6.4002576,1.7917595,1,1
0,1,0,-.034897313,0,5,2.3978953,0,0,1,8.2781744,2.7080503,1,1
1,0,0,.12731674,0,5,3.1780539,0,1,1,10.410245,1.3862944,0,0
1,0,1,.010861159,1,5,3.9889841,0,1,1,6.2971091,.69314718,1,0
0,1,0,.86975437,0,4.75,3.2580965,0,0,0,6.5930448,1.3862944,0,0
1,0,0,.23232976,0,4.75,0,1,0,1,6.8669333,0,1,0
0,0,0,.10946196,0,4.75,2.9957323,0,1,1,5.7037826,4.0604429,1,1
1,0,0,-.71935636,0,4.75,0,0,1,1,6.779922,3.6109178,1,1
1,0,1,.053582001,0,4.75,1.9459101,0,1,1,6.9726062,.69314718,0,0
1,0,0,.20668693,0,4.75,0,0,0,1,6.059123,0,0,0
1,1,0,.28781959,0,4.75,0,0,0,1,7.0379062,.69314718,0,0
1,0,1,-1.3080766,1,4.75,2.3978953,0,1,1,6.6039438,1.3862944,1,0
1,0,0,-.076748975,0,4.75,3.4339871,0,1,1,6.8501263,1.0986123,0,0
1,0,1,-.50029773,0,4.75,2.9444389,1,0,1,7.1693501,2.6390574,1,1
1,0,0,.11375661,0,4.75,3.1354942,0,1,1,7.8022094,3.4011974,1,1
0,,0,.22705314,1,4.75,1.3862944,0,0,1,6.2841344,0,0,0
1,0,0,-.070504911,0,4.75,0,0,0,1,5.9788857,0,0,0
1,0,1,.049435027,1,4.75,3.0910425,0,1,1,7.5131636,.69314718,0,0
1,0,1,.13639559,0,4.75,4.0073333,0,1,1,8.4637928,3.7376697,1,1
0,1,1,.23362446,1,4.75,2.9957323,0,1,1,6.3868794,2.0794415,1,1
0,1,0,-.86965781,0,4.75,1.9459101,0,0,1,6.5410299,.69314718,0,0
1,0,0,-.13694035,0,4.75,0,1,0,1,7.9395151,.69314718,0,0
1,0,1,-.048129655,0,4.75,3.0445225,1,1,0,6.72263,1.6094379,0,0
1,0,0,-2.0751731,1,4.75,3.4011974,1,1,1,6.2690964,3.2188759,1,1
0,0,1,.47303268,0,4.75,3.6888795,0,0,1,6.2878585,0,0,0
1,0,1,-.061225329,0,4.75,0,1,1,1,9.556551,2.7725887,1,1
0,0,0,.030668855,0,4.75,0,0,0,1,7.5347629,.69314718,1,0
0,0,0,.2844677,1,4.75,3.8918202,0,1,1,6.7080841,0,0,0
1,0,0,-.95545977,1,4.75,3.3322046,0,1,1,6.8068295,0,0,0
1,0,0,.16749379,0,4.75,0,0,1,1,6.9536843,1.0986123,0,0
1,0,1,-.62118417,1,4.75,3.6635616,0,1,1,7.4283333,2.6390574,1,1
1,1,1,-.10648918,0,4.75,0,0,1,1,6.6592941,1.0986123,0,0
0,1,0,.38443935,0,4.75,0,0,1,1,8.2862692,1.0986123,1,0
1,0,1,.086042233,0,4.75,0,0,1,1,8.5047159,1.3862944,0,0
1,0,1,.011129117,0,4.75,2.9444389,1,1,1,7.0201907,0,0,0
0,0,1,.061990213,1,4.75,0,0,1,1,6.6783423,.69314718,0,0
1,0,0,-2.8514476,0,4.75,0,1,0,1,5.7745514,3.3322046,1,1
1,0,1,-.29580659,1,4.75,0,2,1,0,5.891644,.69314718,1,0
0,0,0,-.12120831,0,4.75,2.7080503,1,0,1,9.2396078,0,0,0
1,0,0,.18568118,0,4.75,0,0,1,1,10.13313,0,0,0
1,0,0,-.079099096,1,4.75,0,0,0,1,8.1576567,1.7917595,1,1
1,0,1,.15495868,1,4.75,0,0,0,1,6.4409466,2.0794415,0,1
1,,0,.093274631,0,4.75,0,0,1,0,6.2480431,4.0943446,1,1
1,1,0,.17100371,1,4.75,3.9318256,0,1,1,5.8493247,1.7917595,0,1
1,0,1,-.021506537,1,4.75,4.6051702,2,0,0,6.6227365,3.9889841,1,1
1,0,0,-.32242596,0,4.75,3.8066626,0,0,1,6.3491392,0,0,0
1,0,0,-.74050635,1,4.75,2.1972246,1,0,0,5.655992,1.3862944,1,0
1,0,0,-.028240912,0,4.75,0,0,1,1,8.1432266,1.7917595,1,1
1,0,0,-.62910527,1,4.75,2.7725887,0,1,1,6.2225761,1.0986123,0,0
1,1,1,.29311967,1,4.75,0,0,1,1,6.0161572,3.8501475,1,1
0,1,1,.58770812,0,4.75,0,0,1,1,5.908083,2.8332133,1,1
1,0,0,.066184953,1,4.75,0,0,1,1,6.4150968,.69314718,0,0
1,1,1,.06688454,0,4.75,2.9957323,0,1,1,5.8348107,0,0,0
1,1,0,.12170451,1,4.75,1.9459101,0,1,1,6.7345915,3.9512436,1,1
1,0,0,.020800821,0,4.75,0,2,1,0,6.7499313,1.3862944,1,0
1,0,1,-.074506283,1,4.25,0,0,1,1,8.3714733,2.8903718,1,1
1,0,0,-.020193357,0,4.25,1.0986123,1,1,1,7.4972072,1.0986123,0,0
1,0,1,.0099667776,0,4.25,3.3322046,0,1,1,5.9532433,2.1972246,0,1
1,0,1,-.086134456,0,4.25,.69314718,2,1,0,6.4118185,4.0775375,1,1
1,0,1,.13518542,0,4.25,0,1,1,1,6.7214255,.69314718,1,0
1,0,0,-.17280644,1,4.25,2.4849067,1,1,1,6.1590953,0,0,0
1,0,1,.18339103,0,4.25,2.6390574,0,1,1,6.7393365,1.3862944,0,0
1,0,1,.091433324,1,4.25,0,0,1,1,5.8377304,0,0,0
1,0,1,-.14402078,1,4.25,0,1,1,0,6.1355648,3.3672957,1,1
1,0,1,-.17335948,1,4.25,4.3307333,0,1,1,6.2304816,0,0,0
1,0,1,.43870968,1,4.25,4.2341065,1,1,1,5.9763508,0,0,0
1,0,0,.18375087,1,4.25,4.2484951,0,1,1,6.3099184,1.0986123,0,0
1,0,1,-.01173709,1,4.25,0,0,1,1,6.2859979,0,0,0
1,0,0,-.23969245,0,4.25,2.4849067,1,0,1,7.5642385,1.6094379,1,0
0,0,0,.067798793,0,4.25,1.7917595,0,0,1,7.731492,0,0,0
1,0,1,.25970888,0,4.25,3.8501475,1,0,1,6.9957662,1.0986123,1,0
0,1,1,.2388664,1,4.25,3.3322046,0,1,1,5.7365723,.69314718,0,0
0,1,0,-.37565428,1,4,0,0,1,1,6.568078,.69314718,0,0
0,0,0,.020105202,0,4,2.1972246,0,1,1,9.2814512,1.0986123,0,0
1,0,1,.15635589,1,4,0,0,1,1,7.6501689,1.9459101,0,1
1,0,1,.23545621,1,4,3.1780539,0,1,1,6.7592554,0,0,0
1,0,0,-.91012824,0,4,0,2,1,0,6.1717005,1.3862944,1,0
1,0,0,.24907246,1,4,2.3978953,0,1,1,5.9026332,.69314718,0,0
1,0,1,-.081625357,0,4,0,0,1,1,6.9902563,1.0986123,0,0
1,0,1,.0026744585,0,4,4.0604429,1,1,0,7.8379488,1.6094379,0,0
1,0,1,-.18260869,1,4,0,1,1,1,5.659482,0,0,0
1,0,1,-.014213617,1,4,2.3025851,2,1,0,6.2344108,3.8286414,1,1
1,0,0,.24270876,0,4,4.0430512,2,1,0,6.5971456,1.6094379,1,0
1,0,0,-.80372435,0,4,0,2,0,0,5.6869755,4.1431346,1,1
1,1,0,.59253716,0,4,2.3978953,0,1,1,6.0402546,4.1743875,1,1
1,0,1,.62429464,0,4,0,0,1,1,6.3279366,0,0,0
1,0,1,.14606741,1,4,0,1,1,1,5.811141,1.7917595,0,1
1,0,1,-.047224835,1,4,3.3672957,0,1,1,8.0652657,2.5649493,1,1
0,1,0,-.17280644,1,4,3.0445225,0,1,1,6.1355648,1.0986123,0,0
1,0,0,.35013363,0,4,0,0,1,1,8.0879478,0,1,0
1,0,0,.14532019,1,4,0,0,0,1,6.2166061,2.1972246,1,1
1,0,1,.048505791,1,4,0,0,1,1,6.5971456,1.0986123,0,0
1,0,0,-.33010879,0,4,0,0,1,1,6.0306854,4.1896548,1,1
0,0,1,.13788781,1,4,3.1780539,0,1,1,8.2718039,1.0986123,0,0
1,0,0,-.09976247,0,4.25,1.9459101,0,1,1,6.2422233,0,0,0
1,0,1,.0063832002,1,4.25,0,0,1,1,6.6821084,1.3862944,0,0
1,0,0,-.20111096,0,4.5,2.4849067,0,1,1,9.7312155,2.3978953,1,1
1,0,0,-.25315353,0,4.5,0,0,1,1,10.171107,1.6094379,1,0
1,0,1,-.5548752,1,4.5,2.9957323,1,1,1,6.6515718,.69314718,1,0
1,0,1,.26289803,0,4.75,0,0,1,0,6.6783423,.69314718,0,0
1,0,1,-.20134997,1,4.75,3.1780539,0,1,1,9.8961611,2.0794415,1,1
1,0,0,.028075695,0,4.75,0,2,1,0,7.1123276,1.0986123,0,0
0,1,0,.24663478,0,4.75,3.3322046,0,0,1,6.7056389,3.9120231,1,1
0,0,1,-.18373479,1,5,3.9702919,0,0,1,5.6312118,.69314718,0,0
1,0,1,.18301998,0,5.25,0,0,1,1,10.40308,3.4965076,1,1
1,0,1,-.77366298,1,5.25,3.3672957,1,1,1,6.89467,3.8918202,1,1
1,0,0,.038088556,0,5.5,0,1,1,1,6.212606,1.6094379,0,0
1,0,1,.073788248,1,5.5,0,0,1,1,9.0837564,3.5263605,1,1
1,0,1,.74545455,0,5.5,1.9459101,0,1,1,6.6682281,0,0,0
1,0,0,-.11092676,1,5.5,3.1354942,1,1,1,5.8805332,2.3025851,1,1
1,0,0,-.4221102,1,6,2.5649493,1,1,1,6.2822666,3.4339871,1,1
1,0,1,-.63380283,1,6,4.1431346,0,1,1,5.811141,1.3862944,1,0
1,0,0,.11164983,0,6.5,2.5649493,0,0,0,5.6454468,.69314718,0,0
1,0,1,.44728881,1,6.75,0,0,1,1,6.0661082,.69314718,1,0
1,0,1,.28874269,0,6.75,,0,1,1,8.0805473,2.1972246,1,1
1,0,1,.16604161,1,6.75,3.2580965,0,1,1,7.8042512,1.7917595,1,1
1,0,1,-.33531421,0,7,0,1,1,0,6.1717005,2.4849067,1,1
1,0,0,.24720919,0,7.5,4.0253515,0,1,1,5.5053315,1.0986123,1,0
1,0,1,-.3473655,0,8,2.7080503,2,0,0,6.1484685,0,1,0
1,0,1,-3.5290608,0,8.25,0,2,1,0,6.1180973,3.4657359,1,1
1,0,1,-.33631226,1,8.25,3.6635616,2,1,0,6.9017372,1.6094379,1,0
1,0,1,-.2052612,0,8.25,4.6443911,1,1,1,7.1823521,1.6094379,0,0
1,1,0,.27762333,0,8.25,0,0,1,1,5.7037826,1.0986123,1,0
0,1,0,.18129236,1,8.25,0,0,0,1,6.6214056,0,1,0
1,0,1,.18196721,1,8.25,0,0,1,1,6.5352411,0,0,0
1,0,1,-.19798298,0,8.25,2.4849067,0,1,1,6.9800758,3.9318256,1,1
0,0,1,-.26986378,0,8.25,2.1972246,1,0,1,7.5953875,0,0,0
1,0,0,-.28466007,0,8.25,3.0910425,2,1,1,6.914731,0,1,0
0,0,0,.46590909,0,8.25,0,0,1,1,5.6937323,2.9444389,1,1
1,1,0,-.36923686,1,8.25,4.356709,0,1,1,6.3403592,1.7917595,1,1
1,0,0,-4,1,8.25,0,1,0,1,5.8141303,3.5553482,1,1
0,0,1,-.36285117,1,8.25,2.8903718,0,1,1,6.0473723,2.0794415,1,1
1,0,1,.16202532,0,8.25,0,0,1,1,6.0867748,2.1972246,1,1
0,0,0,.12169795,0,8.25,0,0,1,1,7.2392149,2.3025851,1,1
0,0,0,.24098717,0,8.25,3.3322046,0,1,1,6.8906093,1.6094379,0,0
0,0,0,.18523867,0,8.25,2.4849067,0,1,1,7.5574727,1.6094379,1,0
0,1,1,.61359221,1,8.25,2.4849067,0,1,1,6.3243589,1.3862944,1,0
1,0,1,-1.6563617,0,8.25,0,2,1,0,6.3491392,.69314718,1,0
1,0,0,-.26195419,1,8.25,0,0,1,1,5.9375362,1.3862944,1,0
1,0,0,.15537706,0,8.25,3.1354942,0,1,1,8.0535688,2.5649493,1,1
1,1,0,.026470589,0,8.25,2.1972246,0,1,1,5.9135032,2.3025851,1,1
1,1,0,-5.151938,0,7.75,2.3025851,0,1,1,5.9242558,4.3820267,1,1
0,0,1,.40542182,1,7.5,0,0,1,1,7.6260829,1.7917595,1,1
0,0,0,.02356584,0,7.5,3.2188759,0,0,1,5.7004437,4.3438053,1,1
0,0,0,.40122798,0,7.5,0,0,1,1,8.343792,.69314718,0,0
1,1,1,.38654834,1,7.5,2.8903718,0,1,1,5.9788857,2.8332133,1,1
1,0,0,.10662019,1,7.5,4.0073333,0,1,1,8.226841,.69314718,0,0
1,0,0,.1232141,0,7.5,0,0,0,1,7.5267177,1.6094379,1,0
1,1,1,-3.5264482,0,7.5,0,0,0,1,6.1092477,3.583519,1,1
1,0,1,-.26725143,1,7.5,0,0,1,1,9.609787,3.2580965,1,1
1,1,1,.23210016,1,7.25,0,0,1,1,7.2269359,1.9459101,0,1
1,0,1,-.15309907,1,7.25,0,1,1,1,6.2841344,4.2341065,1,1
1,0,0,.015377292,1,7.25,0,0,1,1,10.336503,2.1972246,1,1
1,0,1,-.41036716,1,7.25,0,0,1,1,6.2595816,4.2766662,1,1
1,0,0,.24898434,1,7.25,0,0,1,1,7.5730171,2.9444389,1,1
1,0,0,-.079637609,0,7.25,,1,1,0,6.5294189,.69314718,1,0
0,1,0,.33718982,0,7.25,0,0,1,1,5.9269261,3.1354942,1,1
1,1,1,.49565217,1,6.5,0,0,1,1,6.251904,1.3862944,0,0
1,0,1,-.34104428,1,6.5,0,0,1,1,8.5418854,2.1972246,1,1
1,0,1,-.45717463,1,6,0,1,1,0,7.8336,1.0986123,0,0
1,1,1,-.29552802,0,6,4.356709,0,0,1,6.0867748,2.7725887,1,1
0,0,1,-.39644971,1,6,3.3672957,1,1,1,6.6320019,3.9702919,1,1
1,0,1,.16601563,1,6,2.3978953,0,1,1,8.6571293,2.0794415,1,1
1,0,1,-1.6880976,0,6,0,0,0,1,5.9687076,2.0794415,1,1
1,0,1,.0036041341,0,6,4.0604429,0,1,0,7.7406645,1.7917595,0,1
1,0,1,-.69141531,1,6,2.6390574,0,1,1,6.182085,2.8332133,1,1
0,0,0,-.33006585,0,6,2.7080503,1,0,1,7.5277939,2.0794415,1,1
1,0,1,.097639486,1,6,3.4657359,1,0,1,6.9536843,2.6390574,1,1
1,1,0,.427935,1,6,2.4849067,0,0,1,8.3607731,2.9444389,1,1
1,1,1,.57801419,1,6,1.9459101,0,0,1,6.4488893,2.4849067,1,1
1,1,0,.2920354,0,6,,0,1,1,7.2392149,4.0604429,1,1
1,1,1,-.081260368,1,6,3.0910425,1,1,1,6.5161929,1.3862944,0,0
0,0,0,.13838714,1,6,0,0,0,1,6.5525079,0,0,0
1,0,1,-1.3967752,0,6,2.7080503,1,0,0,5.9135032,1.7917595,1,1
0,0,0,.26050422,0,5.25,2.7080503,0,1,1,5.9914646,1.7917595,1,1
1,1,1,.15502611,1,5.25,3.0910425,0,1,1,8.1411896,2.3025851,1,1
0,0,0,.018223235,1,5.25,3.4339871,0,1,1,6.1984787,4.2626801,1,1
1,0,1,-.35125038,0,5.25,0,1,0,1,6.9536843,1.6094379,0,0
1,0,1,-.7421841,0,5.25,0,1,0,1,9.6522017,1.3862944,1,0
1,1,0,-1.6086478,1,5.25,0,0,0,1,5.8493247,4.356709,1,1
1,0,1,-4.678237,1,5.25,3.0445225,1,0,1,7.6177597,1.7917595,0,1
1,1,0,-.13681521,1,5.25,2.4849067,0,0,0,6.1398845,0,1,0
1,0,0,.38583466,1,5.25,2.3978953,0,1,1,6.7957058,2.3025851,1,1
0,1,1,.32224506,1,5.25,3.1780539,0,1,1,6.8012829,.69314718,0,0
1,0,0,-.042120911,1,5.25,,0,1,1,9.1076431,3.0445225,1,1
1,0,1,-.35294095,1,5.25,0,0,1,1,5.8141303,1.6094379,1,0
0,1,0,.19730942,1,5.25,3.2958369,0,0,1,6.212606,2.0794415,0,1
1,0,1,.18062398,0,5.25,3.1354942,2,1,0,7.9094896,1.6094379,1,0
1,0,0,.12515338,0,5,0,1,0,0,6.8112445,0,0,0
1,0,1,-.20717032,1,5,3.4011974,0,1,1,7.1074257,3.9889841,1,1
0,0,1,.32011914,0,5,0,0,1,1,6.2952662,1.3862944,0,0
1,0,0,-.9295572,0,5,0,1,1,0,7.0715733,1.6094379,1,0
1,0,1,-.041520335,0,5,2.1972246,1,0,1,9.4908466,2.0794415,1,1
1,0,0,-.11871189,1,5,3.2580965,0,1,1,8.6738548,2.1972246,1,1
1,0,1,-.020898486,1,5,2.8332133,1,1,0,6.0520892,1.0986123,0,0
1,1,0,-.93731809,1,5,0,0,1,1,11.518957,2.3978953,1,1
1,1,0,-.49152541,1,5,,0,0,1,6.6618547,4.2484951,1,1
1,0,1,.090022743,0,5,0,1,0,1,8.1164169,1.9459101,1,1
1,0,0,.082849324,0,5,0,1,0,1,6.3902407,2.7080503,1,1
1,1,1,.1221604,0,5,2.3025851,0,1,1,6.49224,4.0430512,1,1
1,0,1,.028939735,1,5,2.7080503,1,1,1,8.9365616,2.7080503,1,1
1,0,0,-.019445302,1,5,3.4339871,1,1,1,5.8998976,2.0794415,1,1
1,0,1,-.11615329,0,5,0,0,1,1,8.7723007,1.7917595,0,1
1,0,1,.0084144799,1,5,3.3672957,0,1,1,7.6043963,4.2904596,1,1
0,1,0,.011678452,0,5,0,0,0,1,6.4409466,1.7917595,1,1
1,0,0,.064296521,1,5,2.0794415,1,1,1,8.384347,2.3978953,1,1
0,1,1,.09422569,1,5,3.2188759,0,1,1,6.2653012,2.3978953,1,1
0,1,0,.27292451,0,5,0,1,0,0,5.9763508,1.7917595,0,1
1,0,1,-.090841644,1,4.5,0,1,1,1,6.7923446,1.9459101,1,1
1,0,1,-.41006252,1,4.5,0,1,0,0,7.6902862,2.6390574,1,1
1,0,1,.0071351156,0,4.5,0,1,1,1,8.2095804,3.6375861,1,1
1,0,0,.1776,0,4.5,2.1972246,0,1,0,5.8435445,0,0,0
1,0,0,-.067228124,1,4,2.5649493,2,0,0,6.1202974,4.0073333,1,1
1,0,1,.2111437,0,4,2.7725887,2,1,0,5.9295893,1.9459101,1,1
1,1,0,.13489576,1,4,3.1780539,0,1,1,6.5666723,2.5649493,1,1
1,0,0,-.40660083,1,4,0,2,1,0,6.8895912,4.0253515,1,1
1,0,1,.29343072,1,4,2.9957323,1,0,0,6.3508859,4.3040652,1,1
1,0,1,-.79177713,0,4,0,0,0,1,6.0980744,2.4849067,1,1
1,0,1,-.12290741,0,3.25,0,1,0,1,7.8958082,3.6109178,1,1
1,0,0,.11470281,0,3.25,0,0,0,1,6.9612961,1.3862944,1,0
1,0,1,.035067439,1,3.25,0,2,0,0,7.9564767,2.8903718,1,1
0,0,0,-1.2911011,0,3.25,2.8903718,0,0,1,6.5916739,1.7917595,0,1
1,0,0,-.56658334,1,3.25,4.6051702,1,1,1,5.7525725,4.0775375,1,1
0,1,1,.20363636,0,3.25,2.9957323,0,1,1,5.7104268,2.3978953,1,1
1,1,0,.11452514,0,3.25,2.8903718,0,1,1,6.6644092,4.3307333,1,1
1,0,1,-.17229578,1,3.25,0,2,1,0,6.6333184,2.9957323,1,1
1,0,0,-.02528522,1,3.25,0,1,1,1,6.0520892,4.3174882,1,1
1,0,1,.12820514,0,3.25,0,1,1,1,6.8875527,0,1,0
1,0,1,.20578778,1,3.25,2.3025851,2,1,0,6.5220928,1.7917595,0,1
0,0,0,.10430485,0,3.25,3.4657359,0,1,1,7.0690236,2.3025851,1,1
1,0,1,-.20457645,0,3.25,0,1,1,1,7.4253578,3.6635616,1,1
0,0,0,.22364649,0,3.25,3.1354942,0,1,1,7.3125534,0,1,0
1,0,1,.17956966,1,3.25,2.0794415,0,1,1,6.7867169,2.7725887,1,1
1,0,1,-1.657197,0,3.25,0,2,1,0,6.3543701,2.9957323,1,1
1,0,1,-.42427307,1,3.25,3.2958369,2,0,0,6.9324479,1.0986123,1,0
1,1,0,.16702303,1,3.25,2.5649493,0,1,1,5.9661469,2.4849067,1,1
1,0,0,-.39661005,0,3.25,0,2,1,0,6.4599047,1.9459101,1,1
1,0,0,-.14034401,0,3.25,3.3322046,0,1,1,8.030735,2.4849067,0,1
1,0,1,.19211823,1,3.25,0,1,1,0,6.0844994,2.3025851,1,1
0,1,0,.72479999,0,3.25,0,0,1,1,6.5117455,1.9459101,0,1
0,0,0,-.15932415,0,3.25,3.713572,0,1,1,6.9460139,1.6094379,1,0
1,1,0,.22383721,0,3.25,3.1780539,0,1,0,7.3011479,.69314718,1,0
1,1,1,.030612245,0,3.25,2.6390574,1,1,1,6.251904,.69314718,1,0
1,0,1,-.072555535,0,3.25,2.9444389,2,0,1,5.8998976,4.0943446,1,1
1,0,1,-.5,0,3.25,0,1,1,1,5.7300997,2.7080503,1,1
1,0,1,.16602819,0,3.25,0,1,1,1,6.4769726,4.3694477,1,1
0,0,1,.62940663,1,3.25,,0,0,1,5.6524892,0,0,0
1,0,0,-.18712617,1,3.25,2.3978953,0,1,1,8.2128391,2.8903718,1,1
1,1,1,.097628325,0,3.25,2.3978953,0,1,1,5.6903596,2.3978953,1,1
1,0,1,.27424347,0,3.25,0,1,1,1,9.2637863,.69314718,0,0
1,0,0,.18635583,0,3.25,0,1,1,1,7.5374298,1.9459101,1,1
0,0,1,-.15724649,0,3.25,0,0,1,1,10.182293,1.0986123,1,0
1,0,1,-.087109081,1,3.25,0,2,1,0,7.1090622,2.8332133,1,1
1,1,0,.49954987,0,3.25,0,0,1,0,6.9865665,3.2958369,1,1
1,0,0,.039101474,0,3.25,2.3978953,2,1,0,6.5294189,2.5649493,1,1
1,0,0,-.030200642,0,3.25,0,0,1,1,6.4967752,1.0986123,0,0
1,0,1,-.5023514,1,3.25,0,0,1,1,8.5008602,3.0445225,1,1
1,0,0,.52220184,1,3.25,0,2,1,0,6.0330863,1.7917595,1,1
1,0,1,.2463944,0,3.25,2.4849067,0,1,1,6.5834093,0,0,0
1,0,0,.43255854,0,3.25,,2,1,0,6.5778613,2.5649493,0,1
0,1,0,.064479873,1,3.25,3.5263605,0,0,1,6.0088134,1.0986123,0,0
1,0,1,.079725832,0,3.25,0,0,1,1,7.3479438,2.4849067,1,1
1,0,1,-.22302204,1,3.25,0,1,1,1,6.1092477,0,0,0
1,0,0,-.34441921,1,3.25,0,1,1,1,7.9658928,2.0794415,1,1
1,0,1,.38448542,0,3.25,0,1,0,1,5.6524892,.69314718,0,0
1,0,0,.17639166,0,3.25,0,0,1,1,8.2761402,0,1,0
0,0,0,.51452363,0,3.25,0,1,0,1,6.3647509,1.0986123,0,0
0,0,1,.083277605,0,3.25,0,0,1,1,8.1622314,.69314718,0,0
1,0,1,-.39638931,0,3.25,1.7917595,2,1,0,5.655992,1.3862944,1,0
1,1,0,.47350064,1,3.25,2.4849067,0,1,1,6.4692502,3.4011974,1,1
1,0,0,.38550088,0,3.25,0,0,,1,8.3373489,4.4308167,1,1
1,1,0,-.090375409,0,3.25,0,0,1,1,6.2766433,3.1354942,1,1
0,0,1,.19992791,0,3.25,0,1,0,1,9.0641575,0,0,0
1,0,1,-.12465011,0,3.25,0,2,1,0,6.0473723,1.6094379,1,0
0,1,0,-.095516108,1,3.25,0,0,1,1,5.869297,4.1588831,1,1
1,1,1,.14658664,0,3.25,4.6634393,0,1,1,6.1737862,3.4339871,1,1
0,0,1,.70793897,0,3.25,,0,0,0,5.6903596,1.6094379,1,0
1,0,1,.091170624,1,3.25,0,1,1,1,7.3815017,2.7080503,0,1
1,0,0,.24370971,1,3.25,2.3978953,1,1,1,6.0112672,4.1431346,1,1
1,0,0,-.51065433,0,3.25,0,2,1,0,5.9964519,3.3672957,1,1
1,0,1,-.038927097,0,3.25,3.6109178,2,0,0,5.7838254,4.1271343,1,1
1,0,0,-.30915844,0,3.25,4.0604429,2,1,1,7.0698743,1.9459101,0,1
1,1,0,.12407388,0,3.25,0,1,1,1,6.3207684,0,0,0
1,0,1,-.094744563,0,3.25,3.2188759,2,0,0,7.5021863,2.7080503,1,1
1,0,1,-1.0618241,0,3.25,0,1,1,1,5.6489744,4.4188404,1,1
0,1,1,.19102901,0,3.25,1.7917595,1,1,0,5.7037826,3.0910425,1,1
0,1,0,-.075132646,0,3.25,0,0,1,1,6.0306854,2.8332133,1,1
0,1,0,.088606633,1,3.25,0,0,,1,6.4457197,2.8903718,1,1
1,0,1,-.39016438,0,3.25,3.2958369,1,0,0,6.1312265,2.7725887,1,1
1,0,1,-1.7756906,1,3.25,2.4849067,2,,0,6.1696105,4.1896548,1,1
1,0,1,.47439826,0,3.25,0,2,1,0,6.1158919,2.6390574,1,1
1,0,0,.44257441,0,3.25,0,2,0,0,7.9973269,1.3862944,1,0
